,nombre,apellido,correo,contrase√±a
0,Benjamin Alexander,Soto,wmaldonado@example.com,+7(yEga0N!
1,Jose Hoffman,Crawford,hillmatthew@example.com,8#0GV3k#VQ
2,Michael Chapman,Richardson,katie96@example.net,x^2b5Sq*#U
3,Wayne Padilla,Meyers,kevinsilva@example.com,%1PJGGdhA(
4,Angela Wang,Lucas,padillaalexis@example.org,c#Wbb&oj)7
5,Bobby Ruiz,Fleming,xprice@example.org,+R5SL@yD$w
6,Jesse Mcdowell,Murray,blakereed@example.com,#M8oDBu_K#
7,Joan Morrison,Burton,douglastran@example.com,&!6yL_gt4J
8,Christopher Monroe,Walker,cathy10@example.com,(Xk6t4Edqt
9,Kathryn Cook,Brown,gregoryjesse@example.org,A!_87W$NRg
10,Becky Harris,Wilson,qthomas@example.net,h@_v5oLz&9
11,Jennifer Padilla,Mccormick,benjamin32@example.com,+7Te2u)j1%
12,Rickey Clark,Hamilton,haley20@example.org,RBZD+bus_7
13,Luis Patel,Hill,mcdowelllaura@example.com,#0XvV3@bm8
14,Tammy Hines,Wallace,lauren63@example.com,+QZ7eQQpT!
15,Heather Green,Taylor,icarter@example.net,*6qKGDv8ia
16,Jesus Scott,Taylor,fdaniels@example.net,)98MFFib7C
17,Joseph Edwards,Shelton,garciajonathan@example.com,hy98QBqz@#
18,Jennifer Frederick,Rice,codywoods@example.org,d4o@f5Kmr#
19,Sarah Smith,Evans,davidmccormick@example.org,&c0yI#eP(6
20,Christine Martin,Davis,dixonmelissa@example.net,H(ScSlhw#8
21,Robin Ward,Saunders,brandon11@example.net,k&VZ2Aa0(N
22,Mrs. Sheila Rosales PhD,Tate,rosariotom@example.com,5@J9)Inhwm
23,Sarah Davis,Carter,hudsonbobby@example.com,Q6UstMh7)9
24,Karen Smith,Fry,morganbrittany@example.org,+E4NOr0jHq
25,Kimberly Edwards,Moore,ijones@example.com,^*wk5AmjY7
26,Elizabeth Hendrix,Smith,joseph11@example.net,kTv9UTcv&L
27,Mark Reynolds,Gregory,amy82@example.com,(rlGN@TBg6
28,Bruce Powell,Davis,savagedouglas@example.com,W7NmDYbz++
29,Karen Wheeler,Holland,nicole30@example.net,ZL9ocWrl$I
30,Veronica Middleton,Pierce,hansenmichael@example.org,!7B4WD7x^@
31,Andrea Salazar,Castillo,debbie86@example.com,rr@07TqP3l
32,Dr. Nancy Cross,Gomez,pamela25@example.com,YVMXv9knh&
33,Robert Matthews,Ferguson,peter00@example.org,#3aCYPyR*W
34,Alexander Weaver,Bell,whitedebra@example.com,M1p9JuUk$4
35,Shawn Atkins,Parker,ramosbrandi@example.com,N1aKgblM#n
36,Samantha Frye,Smith,matthewsgary@example.net,ti2Kv3(t%r
37,George Barnett,Roy,martinthompson@example.org,0&L1xpTxa#
38,Bianca Nguyen,Garcia,wrightbrian@example.org,7#_82Qoo#&
39,Gloria Lee,Beltran,matthewsdavid@example.com,@dM)D$lD8O
40,Karen Williams,Oconnor,ricardo14@example.net,R4Eptwjs$0
41,Devin Livingston,Mcdonald,jose31@example.net,1)5JkwMQeq
42,Kathleen Montes,Quinn,rgordon@example.org,0soB@fC%#y
43,Brandon Tran,Stevens,mlee@example.net,Dwzww1Ey+*
44,Tami Beltran MD,Williams,peter03@example.com,I8I0j@9I(5
45,Wesley Rivera,Parker,revans@example.net,K!7p#AC%rw
46,Paula Long,Nguyen,victoriaforbes@example.org,6vruIn9U)@
47,Elizabeth Hancock,Wells,robert53@example.com,*2ldSlkLkL
48,Cassidy Hancock,Garcia,ashley83@example.net,@nwfZBSa87
49,Jerry Mclaughlin,Barnes,michaeldavidson@example.org,jVt5BECg&$
50,Kevin Rodriguez,Roberts,kdavis@example.com,^7#HdIjjsS
51,Mary Torres,Ellis,mary70@example.net,X5Q43kRh^9
52,Scott Elliott,Kemp,kcook@example.net,in6CIegD_M
53,Frank Chapman,Smith,qbeck@example.net,^wh9zHs&^m
54,Kenneth Jacobson,Jones,mary34@example.org,Jp6uQhNX&V
55,Sheri Collins,Harper,michael01@example.org,r7r_zZvF%D
56,Alexander Guzman,Morales,kristi30@example.com,lOjaGZdW#0
57,Justin Johnson,Ali,lcastro@example.com,aa6HP8Gq7#
58,Benjamin Aguirre,Moore,ronnie43@example.org,qP)U9fXz9G
59,Kathleen Johns,Willis,masonbrittany@example.org,$KB*KmPLR5
60,Richard Vega,Hernandez,lloydlisa@example.com,Jj7Q)iSxy^
61,James Anderson,Johnson,longalexander@example.org,&D1kN$Bc!R
62,Victoria Riley,Owen,bellheidi@example.net,!+b8O7rFqu
63,Jenna Hardin,Bishop,leahmurphy@example.org,0Q^OF4Xs^k
64,Nichole White,Maxwell,shepardkristen@example.com,0m2F8%93%r
65,Joe Sutton,Rodriguez,ericlopez@example.org,k8J0*Wor*2
66,Lee Gonzalez,Osborne,lisasanchez@example.com,#YJAG0u90h
67,Marcus Gallagher,Burgess,barrettmegan@example.com,^0H4cWxgby
68,Amber Rose,Simmons,jasonvincent@example.org,h8sUBc2i#+
69,Sean Choi,Barron,ryanjenkins@example.org,$bUgR3Fl)R
70,Hunter Andrews,Rogers,jeffersonlaura@example.net,(PQ3OPaNPr
71,Alexander Sosa,Gonzalez,lisaedwards@example.org,lAu4YnZIH_
72,Jennifer Hampton,Johnson,valerieowens@example.org,2tHqQ$hn)#
73,Kimberly Graham,Peck,garneralicia@example.org,$8P1TbtW&T
74,Paul Schneider,Mosley,reevescorey@example.net,^39IBjIi()
75,Cynthia Brown,Howard,kimberlygraves@example.net,@Pk+CTd+0z
76,Erika Clark,Nelson,adamsmith@example.net,p$JilEXI$5
77,Jennifer Bates,Gonzales,agreene@example.net,_IC56SRkWl
78,Desiree Nelson,Jones,jennifer08@example.com,PLwN2ROe$z
79,Mrs. Traci Underwood,Swanson,ydodson@example.com,^KY1StAP6!
80,Stephanie Daugherty,Rhodes,brittney43@example.net,pVw^WPIh!3
81,Mark Jones,Martin,johnnyrichardson@example.com,)2FMl530ms
82,Dr. Luis Waters,Ballard,robertdavenport@example.org,O_3MIcuQr_
83,Angel Robbins,Williams,james36@example.net,$(5BUaQCN_
84,Elizabeth Lynch,Brennan,vryan@example.org,&L8LHw01X8
85,Mary Gardner,Townsend,ryanconrad@example.net,8cB1udAN^7
86,Margaret Howard,Quinn,hkelly@example.net,$JbjVh*oj0
87,Richard Davis,Tucker,dramirez@example.com,BE6Vj0DpE)
88,Linda Morrison,Martin,hoganjon@example.net,j1HlznTJ(+
89,Krista Stephens,Sweeney,robertsamanda@example.com,z0kYiDTb(J
90,Tammy Marshall,Graham,keith89@example.org,c+#1GEZyMf
91,Ashley Mora,Kirk,blanchardelizabeth@example.com,x!5(4NrrN&
92,Karen Scott,Bennett,deborah77@example.net,&Z7@WGLz5d
93,Brittney Myers,Smith,dylanbrown@example.com,2r5lC%Og*F
94,Scott Ross,Kim,xcollins@example.com,_feC!Bc)b4
95,Jessica Johnson,Taylor,brandonharris@example.com,sOfysBgI_9
96,Thomas Cruz,Alexander,logangutierrez@example.com,!xEz6(k*&8
97,Ashley Moore,Cannon,christopherthompson@example.net,!mPg%a8o53
98,Daniel Rodgers,Parker,vargasgina@example.org,9&$jVbJV!9
99,Kimberly Dillon,Jackson,hamiltonjames@example.org,_7PAg3OyRb
100,Bryan Brown,Palmer,lawrenceveronica@example.org,)lDbAmWc@1
101,Daniel Dawson,Zavala,jamesayala@example.org,1I@Pjj4t%W
102,Sara Gilbert,Brooks,espinozakevin@example.net,+e_FPQWw5k
103,Maria Carroll,Gutierrez,wagnerbrittany@example.com,fz8PdKQn)i
104,Denise Johnson,Rivera,richard13@example.net,%WKwZo9z26
105,Ariel Willis,Webb,nathaniel30@example.org,b%l5Oe#NVZ
106,Deborah Franklin,Rodgers,crystal50@example.org,14S1@+Yo_N
107,Joseph Rosales,Mercado,pbuchanan@example.net,X6xL$N(k_H
108,Eric Perry,Griffin,greenjohn@example.net,*V59IRoxS_
109,Bryce Peters,Riley,lrusso@example.org,FfS7Qwxs)$
110,Denise Wright,Blevins,jparks@example.com,!#xGNUt2r9
111,Mary Perez,Lewis,cpatterson@example.net,G(3YXn)y9Q
112,David Foster,Harrison,schmittrandall@example.net,A3AyR8fv(!
113,William Lambert,Richard,knappmichelle@example.com,@9FVFah55&
114,Peter Miller,Rivera,lorettasmith@example.com,$v&XlN5kp0
115,Christine Perry,King,christina28@example.com,#XUlE6esv%
116,Anthony Griffith,Adams,nguyenjohn@example.net,+7v9MrQhmU
117,Dorothy Davis,Barnett,millerdiana@example.com,U*5qmOgHHB
118,Daryl Mclaughlin,Johnson,brenda88@example.com,dC34m2Ljo@
119,Lindsay Black,Castro,xphillips@example.net,(OHDcSn$f0
120,Marissa Bennett,Morgan,hodgesdouglas@example.com,%+J44GdrRG
121,Brandon Oliver,Conley,julieholloway@example.org,*$Nd8MLhQ)
122,Tiffany Logan,Jones,jordanpeggy@example.org,BeezYLLT+2
123,Daniel Jimenez,Baker,peterdaniels@example.com,&b&K&4QkeA
124,Kenneth Roberts,Rivas,jeffreymalone@example.net,W0B3Oj2a%!
125,Denise Bates,Olsen,phillipgibson@example.com,J4Ee4Koj+k
126,Glenn Valencia,Ashley,herreradavid@example.net,SD7q2Kox&$
127,Stephanie Thompson,Vega,claybrittany@example.org,0c_BDlOc!b
128,Daniel Smith,Harding,murrayanthony@example.org,!1FEiU!ZMz
129,Michael Townsend,Horton,wfuentes@example.org,DV#s4RPuAM
130,Jennifer Lindsey,Watkins,jasminemartin@example.net,Mq7R#imI#@
131,Alexandra Wolf,Marshall,blanchardmartin@example.org,$A5USReJ@M
132,Kelly Spencer,Bowers,cannonvincent@example.net,323ZxE8#r%
133,Rebecca Moore,Michael,lorisnow@example.net,P6HADTke@2
134,Theresa Kelly,Gentry,qwest@example.org,!*jdP4CgcB
135,Cole Foster,Skinner,shawn33@example.net,i*2bX9fm@P
136,Richard Olson,Townsend,kristinagilbert@example.com,@3GlSIS)^p
137,Marie Spencer,Gordon,jason22@example.net,TJ%18_Ip8e
138,Benjamin Diaz,Jackson,reneecollins@example.com,m$8t#SO92x
139,Shannon Lee,Nelson,elliottterri@example.org,b&5RKsvC9%
140,Katherine James,Nelson,ihoward@example.com,#P4+T&Kl&R
141,David Zamora,Martin,jacksmith@example.net,*31LA&hBw2
142,Christopher Atkinson,Myers,brad68@example.net,8CUl%3Tu%U
143,Dustin Strong,Erickson,mercadopamela@example.org,Bx*I3HQss7
144,Susan Frost,Phillips,wbrown@example.com,D&6D9uTn&U
145,Joe Mccormick,Hart,malloryking@example.net,+8PI)ue$L)
146,Bobby Rodriguez,Hunter,jjenkins@example.org,Gi(h27IpdU
147,Susan Harper,Smith,vazquezmax@example.org,12)NQmi2)W
148,Kaylee Ortiz,Smith,jacksonpatrick@example.net,Q+_5mV%uz&
149,Amanda Navarro,Bright,gkline@example.net,@W2Ycj@MtO
150,Kristi Yang,Wilson,bakereric@example.org,)2FSFQjl*T
151,Helen Sims,Perez,mperez@example.org,+x)T@5Iq50
152,Robert Gibson,White,rramos@example.net,Fp2(Dhcm^h
153,Kristy Barajas,Clarke,jorgeharris@example.org,)H(v9nIyXG
154,Robin Morton,Knapp,tsmith@example.org,BQs%3xXwS*
155,Daniel Burgess,Hanson,amandathompson@example.org,Waaj#Jm)_4
156,Beth Todd,Austin,reesematthew@example.com,(2r04JPxz)
157,Bobby Rogers,Peterson,blancharddavid@example.net,0^29QubR2D
158,Henry Burns,Carroll,bcurtis@example.net,3^e7Ij5n)Z
159,Richard Whitney,Jimenez,bailey40@example.com,oOPG0Svq+7
160,Jennifer Lopez,Beltran,taraking@example.org,R1h9APmvQ#
161,Nancy Cervantes,Randolph,sroberts@example.org,Bxo5GUNd@@
162,Gloria Wright,Orr,jonathonsandoval@example.org,gjW6jvPs^2
163,Scott Miller,Vance,michael70@example.com,1SP4Y!lxh(
164,Kathy Mitchell,Williams,renee14@example.com,Lo*7Aywj8_
165,Danielle Burke,Montgomery,rebecca73@example.net,2DVoll^)#2
166,Michael Miller,Wallace,ethan69@example.com,FO8*THvH)H
167,Bianca Perkins,Thomas,jgordon@example.com,D$C4QOH)*m
168,Nicole Paul,Andrews,wendy93@example.net,*312OoDtDf
169,Andrea Gonzales,Evans,rlong@example.net,nUDebXBg@7
170,Laura Nelson,Richardson,jacob14@example.net,1lpu0RixC&
171,Sandra White,Williams,stoneandrew@example.com,&xjGliBM@2
172,Derek Castillo,Williams,wheelerjeremy@example.net,%7e1pZDw$C
173,Alexander Garcia,Strong,princegary@example.net,Q2JjiWSP%D
174,Michael Hartman,Kelley,clarkemary@example.org,GEBFCo8Z)2
175,Sean Robbins,Oconnor,jeffery77@example.net,Ki)26NcuR5
176,Jessica Brown,Horton,emorton@example.com,7)7Cg2$5&+
177,Gregory Hutchinson,Carlson,etodd@example.org,G((3MthKKk
178,Melinda Patterson,Carter,christinaboyer@example.com,Umf7JRqGv^
179,William Harding,Oliver,jasonhughes@example.net,XVS5Katp@S
180,Courtney Shelton,Lee,bateselizabeth@example.org,r%wbx1Sqoe
181,Dwayne Knight,Larsen,thomas28@example.org,GFl4CyEV0%
182,Melissa White,Martin,brownfrank@example.net,55I+!SMA)g
183,Amanda Stanton,Santana,mfox@example.com,aUfV16HoM@
184,Cindy Hicks,Martin,nwallace@example.com,8*E2UzkBZh
185,Nathan Cruz,Petty,oliviarogers@example.net,!r*1SwXh#5
186,Jaime Allen,Franco,cynthia84@example.net,^o8!G(rfrW
187,Jackie Krueger,Green,nicolemays@example.org,0*7I4%gf3c
188,Denise Park,Solomon,dawnstevens@example.net,g!3N0EvpLa
189,Cameron Frank,Mueller,turnerjose@example.com,3_GQYCdQ$S
190,Patrick Cook,Taylor,yhenson@example.com,X(Z6Wdjv&#
191,Anne Strong,Carlson,rossgregory@example.net,1F++N!+g^G
192,Anna Anderson,Hartman,wendy98@example.net,%8C)4Nq(*X
193,Vanessa Smith,Hensley,gsmith@example.com,+25jWgEu2U
194,Alexander Harris,Anderson,cmalone@example.org,oHD2MMv+L*
195,Carol Campos,Elliott,john01@example.net,+&09gAOh1&
196,Thomas Patterson,Turner,charlestodd@example.com,2#$3EbwcqA
197,Nathan Cameron,Jones,hrichardson@example.org,N(OXjfB3&6
198,Kimberly Holloway,Walter,kwoods@example.net,_46ZJsYfLR
199,Kenneth Young,Robinson,millermelissa@example.org,MhQX4KQx5_
200,Jeffrey Taylor,Brandt,anthonyortiz@example.net,vh4&$6Hoci
201,Hannah Ellis,Eaton,rachelwalker@example.com,+q6eQC8m4C
202,Jaime Gonzalez,Jensen,craigscott@example.net,5OXhnh7D@6
203,Sheri Miller,Butler,laura25@example.net,$2K6qZOWg#
204,Adriana Brooks,Powell,miabecker@example.net,&7UtgO41)@
205,Aaron Taylor,Thornton,joneswanda@example.net,v+&LPQ_n%6
206,Rachel Johns,Alexander,haastimothy@example.com,H6PH2ryG*l
207,Richard Harris,Bean,obennett@example.org,9Xl16Tga@#
208,Cindy Cline,Green,steven42@example.net,hM**0TwbpY
209,Hector Frederick,Hopkins,stephanie41@example.com,ISpyPMuw#3
210,Travis Hill,Johnson,christinaholloway@example.org,%3RX@6UqS^
211,Brian Murphy,Palmer,robertsdon@example.net,*0GSV6Wwk%
212,Jill Park,Curry,fernandezholly@example.com,23j3Oncgg(
213,Todd Summers,Munoz,perryschmidt@example.com,O^5MsKk)g!
214,Alexandria King,Burke,kimberly22@example.net,YcRr6#KrH@
215,Terry Perez,Young,weisskyle@example.com,m^P)V2JzLQ
216,Karl Sanders,Chandler,joseph39@example.org,_wS4*2XzpB
217,Jeremy Williams Jr.,Calhoun,daniellesmith@example.net,K%b0F(hdy5
218,Zachary Ross,Brown,bryanhall@example.org,J@15GrDba#
219,Jill Morris,Davies,victoriapatrick@example.com,mNOO%7Ub%1
220,Alex Galloway,Davis,cjimenez@example.org,#2AkGzd^lK
221,Stefanie Thompson,Gill,rogersmark@example.com,%f$0LbfAWh
222,Jacqueline Martin DDS,Schaefer,morrisrose@example.com,@+*zCJqXR7
223,Kathryn Hill,Martin,chenronnie@example.net,H78^ROvd@9
224,Angela Contreras,Gardner,osalazar@example.org,!4FUbh*r+E
225,Tracy Johnson,Bartlett,uvang@example.com,^y^TErWd+9
226,Donald Porter,Jackson,johnstonjohnny@example.com,p74WTMwe_3
227,Nancy White,Garza,dustin29@example.net,nP213&JhK_
228,Christopher Yang,Cochran,teresa44@example.org,a@f2LH+m+H
229,Theresa Taylor,Guerrero,gvelasquez@example.org,%_D6DfKNJ6
230,Jared Silva,Barton,patrick85@example.org,v_Y87vSnI(
231,Julie Herrera,Barber,snelson@example.com,WF#0CwQn@h
232,Louis Caldwell,Mcbride,nunezwilliam@example.org,sSu#M5DdRd
233,Lindsay Garcia,Wiley,matthewskathleen@example.com,@o0qFELy@R
234,Melissa Hogan,Myers,michellelopez@example.net,g!0APrFf+8
235,Robert Snyder,Lowery,gallegosmatthew@example.net,TV_V3SuUE^
236,Juan Wilson,Thompson,wfarrell@example.net,4_Yol$ZK&Q
237,Danielle Nunez,Flores,brownjohn@example.net,z@y43Z3v)I
238,Kayla Little,Miller,vramos@example.net,9#BkbIkC*0
239,Kevin Harris,Graham,adam00@example.net,_hLYv^ErA7
240,Wendy Clark,Hurst,joshua25@example.com,O#$)FhDw^3
241,Vincent Hicks,Mcclain,rebekah48@example.com,_X4B6KBlo9
242,Amy Lynch,Cordova,wwhite@example.com,BJGk+NOe!8
243,Sean Harrell,Brown,epatterson@example.net,!8qYBUlEFf
244,Holly Patel,Valenzuela,kevinmartinez@example.com,@1^(3R8cU9
245,Elijah Velez,Campbell,sjohnson@example.org,ubK3Ir!Tb$
246,Nichole Campbell,Lewis,ivasquez@example.net,Pp+1JjDZUK
247,William Martin,Brown,chris69@example.com,Vk^F0DPCS$
248,Ronald Cannon,Pitts,samuelturner@example.org,A2LokmeP^4
249,Nicholas Rogers,Perez,duane85@example.com,11g*KiHq@o
250,Melissa Haas,Weaver,fwhite@example.com,_3PIhNiD8$
251,Donald Hamilton,Blake,pamelayang@example.com,2*N4QDn*vt
252,Brett Murphy,Rivera,donna10@example.org,m^04PQ4ya$
253,Joann Pacheco,Reid,dwilkinson@example.com,*EKU4Gtr_@
254,Katelyn Conley,Bowen,melissa80@example.net,&4PBIaf8B1
255,Kevin Hernandez,Orr,kingjeffrey@example.org,Sh7%_9Xs$)
256,Alexander Lopez,Miller,patricia91@example.org,Lx6OzivJ#k
257,Adam Long,Miller,trandevin@example.com,)0CVuRkbTb
258,Alexandria Brown,Hensley,qschneider@example.org,uuObDNCw_9
259,Rebecca Allen,Miller,christopherclark@example.net,BKb8fxWn#1
260,Tanya Terry,Ellis,sergio78@example.org,*Lz8*LSltS
261,Mrs. Barbara Grimes,Griffin,qdunn@example.org,!7D9Tz(R+K
262,Ronald Wade,Bryant,rruiz@example.com,+9ADta^h#$
263,Shannon Ward,Dunlap,quinnalicia@example.net,*$HUDZzB7a
264,Dr. Amanda Donovan MD,Montgomery,crystal36@example.org,%4zSNhGj*u
265,Susan Castaneda,Rivera,lrussell@example.net,(lG1#l5aT7
266,Melinda Graves,Ware,tony21@example.org,9bv!Aj)A^B
267,Jamie Anderson,Johnson,valerie80@example.net,^@1Vlw1a6z
268,Peter Collier,Carter,unewton@example.org,&$L7VZtqF(
269,Linda Barnes,Jackson,elizabeth54@example.com,+6&5U3fjhr
270,Charles Shannon,Snyder,hammondanthony@example.com,_@cz7SHmIw
271,Ashley Snow,Hughes,ptucker@example.org,zC8JPGzC)J
272,Tanya Pace,Maxwell,joseph05@example.com,D%4LGpsGqo
273,April Davis,Hubbard,thomas62@example.net,o^4E^SBtkg
274,Matthew Floyd,Smith,smitheric@example.org,shJ&ev_@+7
275,Jackie Cisneros,Jones,billy25@example.net,w6+2Kw_18f
276,Melanie Sexton,Vargas,adamjohnson@example.net,17JHLm^o$f
277,Amber Short,Watson,tammy59@example.org,vZ$02Ys@d*
278,Brandy Watson,Chapman,ftran@example.org,%NQaRqxl4T
279,Christopher Ball,Bowers,rodney10@example.org,f$My7Kknc2
280,Kelli Allen,King,seanlarson@example.com,+cp0M^wbS+
281,Brian Carter,Sanders,ronald70@example.net,AXv5DiWeg%
282,Curtis Rogers,Flores,peterwillis@example.com,ZDq7XKhY&7
283,Kimberly Reyes DDS,Stewart,tjohnson@example.com,_s99B9KiKC
284,Jermaine Higgins,Randolph,tbrown@example.com,_&lk7kr6Z4
285,Taylor Fox,Hernandez,mlowery@example.net,LDRPYs&@(0
286,Raven Green,Ochoa,dennissmith@example.org,&2O!BKL2xx
287,Joan Pollard,Watkins,david81@example.net,%s8qWfFcE9
288,Tammy Mendoza,Morgan,todd91@example.com,&&JexhZR)9
289,Steven Hunt,Harrell,alexguzman@example.com,_pCK3Y&j#P
290,Mrs. Brenda Lee,Fowler,villachristine@example.com,RYd10Vtm(j
291,Terry Thompson,Marshall,raymondcasey@example.net,^CLcXwgYR5
292,Melinda Sanders,Watson,parkerstephanie@example.org,)^7Hs*YFgK
293,Kelly Daniel,Mcclain,rachelwilliams@example.net,O@TD3pCpim
294,Nicole Cook,Anderson,laura61@example.net,8u)K3*Wwm@
295,Cheryl Gordon,Morris,perryallison@example.net,)S!UZajqq3
296,Sharon Smith,Lopez,aprilbowen@example.com,(7XgUbApM9
297,Bridget Miller,Reeves,william09@example.com,H&5D6i^@U$
298,Cameron Kent,Soto,lesliefuller@example.com,#7MDzXM2rU
299,Tammy Floyd,Preston,rhansen@example.net,_1+yVt(hqk
300,Rachel Valencia,Wright,amyharris@example.net,$ufv5Fdy)u
301,Nicole Black,Douglas,garnerdavid@example.net,!8VW38$8&r
302,Jason Fuentes,Young,austincantu@example.org,&!#4Aaaak4
303,Michael Coleman,Flores,jacksoncindy@example.org,$bZVqMpRw9
304,Laura Taylor,Duran,dknox@example.net,j8E&daL!!j
305,Rachael Baker,Combs,baileystephanie@example.com,Flnx94Mk!8
306,Charles Lucas,Walker,wagnernicole@example.org,UDZoC0Ftu#
307,Rickey Scott,Myers,jasmine80@example.org,qG!0rYibPc
308,Brian Todd,Walton,huntkimberly@example.net,!p7MXp%q*0
309,Joseph Holden,Sweeney,briannapruitt@example.org,w&4rGya0B2
310,Kyle Holland,Gomez,colesarah@example.org,@cnXR9&a73
311,Peter Novak,Hernandez,gturner@example.org,_1l3m3EkIm
312,Lisa Murray,Smith,alvarezmary@example.net,8W4EIEEn+o
313,Phyllis Brown,Cowan,ayalaharold@example.net,#1f+9(wfdG
314,Melissa Jacobs,Parsons,levimccormick@example.org,v8A74CFg%l
315,Alice Rodriguez,Stevenson,hromero@example.net,f$^9vBoNEm
316,Dillon Montgomery,Hamilton,stephen26@example.net,f0HthnZ%!k
317,Sean Barnes,Bishop,sheliahall@example.net,@dOW3rL#c3
318,Jesus Owens,Booth,pricematthew@example.org,@BzDUiqfY1
319,Mary Silva,Kaiser,usmith@example.com,$RVJ1_Lder
320,Jennifer House DVM,Bishop,pamela04@example.com,zN4vDIaA^V
321,Michael Marsh,Hernandez,latashamccormick@example.net,$#f@7AxY2W
322,Matthew Mcbride,Hernandez,tbrown@example.com,Chpn#Gy9^9
323,Margaret Wallace,Webb,paulfrank@example.net,qTX&6Tutmd
324,Christopher Boyd,Stevens,stonesherry@example.com,0*6rA3%haJ
325,Christopher Torres,Turner,sjefferson@example.net,IS4^$Vfe+F
326,Dawn Spencer,Harmon,blake48@example.net,p*FDs(88*7
327,Jessica Petty,Brown,campbelleduardo@example.net,^21Klu5m#)
328,Shane Rosales,Hoover,hermanfred@example.com,6#E9F#gMgv
329,Allen Bautista,Sanders,dfuller@example.net,g!BkI8%cbR
330,Joshua Lopez,Walters,linda63@example.org,@4HOox^Ls4
331,Amanda Murray,Sanchez,adrianmurray@example.org,_XG9hJPc&K
332,Jason Howard,Ashley,fchambers@example.org,_4OAMdTMZ7
333,Michael Wyatt,Martinez,gabrielmartin@example.net,8_g1Pcxgz&
334,Anthony Rodriguez,Figueroa,lwilliams@example.com,wj4ghPxs)*
335,Ashley Solis,Levine,daniellewilliams@example.org,_84WbTjCFZ
336,Christopher Martin,Jacobson,echapman@example.net,lI%0pCEi3C
337,Ryan Miller,Ruiz,chadtaylor@example.net,*(wL$zIsQ1
338,Kimberly Evans,Jordan,booneconnie@example.com,)83xTvQkUM
339,Daniel Barnett,Fitzgerald,russelljennifer@example.com,^mfbCYLX9z
340,Ashley Curry,Decker,douglashunt@example.net,p&0V%)z35x
341,Brandon Clark,Miller,lindseycharles@example.com,Q!7Dsqu8%%
342,Derrick Livingston,Andrade,john10@example.com,gR9OK_Gtj)
343,Maria Davis,Shaw,jasminegoodwin@example.net,+ZrsTIg^z3
344,Jeremy Parks,Carlson,morganbruce@example.com,^JLn@aApc0
345,April Cunningham,Weeks,jacobjensen@example.net,5MR0r%Sw)3
346,Gary Lee Jr.,Griffith,mario34@example.net,_eNl2Q#ic4
347,Michelle Wells,Young,gentrycharles@example.org,93nZwL3r$^
348,Anne Newman,Rogers,frank43@example.net,BU+0SN@oIc
349,Christopher White,Hernandez,owensdavid@example.net,+qvu9IXv(0
350,Marcus White,Bennett,yowens@example.com,*v8PxvK9y0
351,John Jordan,Ball,wheelersara@example.net,F6!7Fz5kU8
352,Michael Marsh,Reynolds,jeffrey38@example.net,9%@^1IeVi*
353,Richard Williams,Rodriguez,xharris@example.com,*7jBesr2WY
354,Jason Silva,Dixon,veronica67@example.org,)!r6%WpnSG
355,Jason Kelly,Cortez,bentonzachary@example.com,2jTDRbHz(m
356,David Walker,Wells,james14@example.com,#Y@5Gtkbcc
357,Dennis Palmer,Simmons,fsmith@example.com,)DKKGOs_D9
358,Kyle Hicks,Schmidt,molinajohn@example.org,6$t%B1Ak+)
359,William Ingram,Brown,michelle34@example.com,P+9^V7AbMa
360,Wayne Wolfe,Mcclain,taylorelijah@example.com,Q7)5Y8ch*e
361,Zachary Pena,Montgomery,aclark@example.net,!2TEikk(&P
362,Alexandria Gray,Horn,turnerjeremy@example.com,G&K%7ETd5Y
363,Jennifer Young,Gibson,david38@example.net,_(0SdUfsh1
364,Jeremy Marquez,Terry,jennifer30@example.net,%zUbJt*C67
365,Donald Gonzalez,Moore,ilopez@example.net,27E@cCM(@n
366,Michael Washington,Neal,miguel00@example.net,($(6YPw5tF
367,Sarah Christian,Booker,rodriguezbenjamin@example.com,+p@r9B6fv#
368,Duane Brady,Diaz,david49@example.net,jdUma4My%@
369,Gina Smith,Campbell,donaldporter@example.org,1QaH0MOz)F
370,Sandra Collins,Murray,zachary02@example.com,#zjb11Cn&(
371,William Brady,Dean,hannaabigail@example.org,&qcM*R3O6D
372,Brittany Kemp,Anderson,kingtimothy@example.net,W9YUAGxv!1
373,Marcus Rocha,Wise,ashleyfloyd@example.org,PAMHbljb^5
374,Rita Farmer,Winters,tsmith@example.net,r6yIOJCa!_
375,Angela Hudson,Day,benjamin67@example.com,D9xs6uIb!*
376,Heather Rice,Warner,marisajoseph@example.org,06B3FOiY)I
377,Deborah Chan,Wong,kellymacias@example.org,)7t)G)Ujr$
378,Marcus Marshall,Davis,jacksonbrian@example.com,D7p)8Sugd2
379,Brandon Harrell,Robinson,graynancy@example.org,Q_+_0+Usvv
380,Joseph Johnson,Harper,williamthomas@example.com,$nQ4yrYsE3
381,Douglas Allen,Bennett,gstark@example.net,!mDgUvC(c4
382,Adam Myers,Perry,lori25@example.org,+OSG0s7B95
383,Sergio Nixon,Gonzalez,josephgonzales@example.net,E6Ei4s6B+6
384,Shawn Faulkner,Hodge,hgreen@example.com,^s67&Z3HJ#
385,Ronald Garcia,Norton,pmyers@example.org,M%jO6AszAh
386,Christopher Ferguson,Douglas,stephen58@example.net,_!3)Vu2pDw
387,Ashlee Kelly,Watkins,csmith@example.com,RLX5tdFd)*
388,William Johnston,Vega,ramireznicholas@example.org,D8Nb_k8y_D
389,Larry Brown,Burke,alanesparza@example.com,_8ZW!SmjNy
390,Steven Avila,Rojas,rpalmer@example.org,jA#1BgVlkl
391,Nicole Sandoval,Davidson,sbates@example.net,c1znXoHu%y
392,Adam Taylor,Rodriguez,emilyrichardson@example.org,y6^d3SC(!q
393,Angela Navarro,Clarke,lucaselizabeth@example.com,LW3R0JrfT@
394,Robert Roberts,Page,jenniferfernandez@example.org,MYR1Ban6%u
395,Caitlyn Gardner,Owen,lindsay95@example.net,*_2LBS%uP5
396,Ethan Johnson,Padilla,mark49@example.net,Z6B32ris#I
397,Rebecca Payne,Frederick,bmatthews@example.net,J!3BMn6g_8
398,Aaron Scott,Villanueva,rhondahill@example.net,$hsWc@Xb_8
399,Cathy Gilbert,Murray,nicole97@example.com,+etQfl#n2y
400,Joseph Baker,Richardson,vrichards@example.net,1&^pgOCv!t
401,Todd Hamilton,French,jonesmichael@example.org,@7wUv^igCl
402,Meghan Sosa,Taylor,xhays@example.net,_27TtpVo)x
403,Dr. Victor Kirk,Baker,anthonyduane@example.com,(fM(3)Cuc(
404,Darren Miller,Ryan,tgarcia@example.net,6VBivnlS+U
405,Beth Perry,Allen,marcuspatton@example.net,##OV3HAnv#
406,Nicole Taylor,Gonzalez,matthew94@example.org,EG(p0CnHFl
407,Linda Davis,Herring,pmartin@example.org,V4T2*zfD_0
408,Maria Gonzalez,Mcguire,pattersonjoshua@example.com,)wwYOG8eq7
409,Jim Shannon,Crawford,bthompson@example.org,(#E3D3c2f*
410,Kevin Greene,Mcknight,johnny07@example.net,^6(ERh)m93
411,Michael Rodriguez,Oneill,cody58@example.org,L9r$YeqE+0
412,Erica Chavez,Brown,andersonlindsey@example.net,$P&2SnwT$_
413,Nicholas Howard,Williams,pstewart@example.net,O#032OxG$q
414,Robert Stewart,Becker,brandi81@example.org,7Yhe7EIs^n
415,Phillip Crane,Gonzalez,wrightallen@example.net,+5N&8Cme1N
416,Michael Morse,Baldwin,alicia37@example.org,I0Yr&vs+!6
417,Lawrence Petty,Phillips,oreynolds@example.net,B2Rjxpf7_f
418,Jared Hall,Miller,lori54@example.net,)pIfuna^E9
419,Jon Gilmore,Pierce,smithjuan@example.org,@rB(CvRC8d
420,Lauren Montgomery,Burton,rsmith@example.net,@D5+X^@nS*
421,Ronald Myers,Stanton,vgarcia@example.org,o#rAc^94^5
422,Melanie Stephens,Nelson,lcampbell@example.com,az9QRWfP+8
423,Brenda Daniels,Cisneros,tdominguez@example.net,cxj^7IAh_%
424,Tammy Hammond,Knapp,elliottvalerie@example.net,h)_8G7bvfv
425,Whitney Mccoy,Graham,richard80@example.org,w&jF*0Bjj&
426,Stephanie Vang,Morgan,younggregory@example.net,TV7MI3cg$j
427,Tristan Massey,Torres,nashbrian@example.org,u%!#0Xkd&d
428,Laura Jackson,Elliott,brittany64@example.com,rU&1f*Wfx#
429,Chad Gardner,Brown,galvandaniel@example.org,&jZ9GaAtm5
430,Samantha Hamilton,Mcdonald,christina32@example.net,M#3HAdyb+2
431,Paul Wilson,Flynn,stephen82@example.org,o&2t2Nee4A
432,Daniel Pope,Valdez,davidsonjerry@example.com,$4KYL@ak70
433,Connie Mcneil,Jackson,nmoyer@example.com,%qfI@OnVl4
434,Timothy Gordon,Clark,hodgesjeffery@example.org,)l10Sxp6^S
435,Jacqueline Hoffman,Anderson,john30@example.com,M+0Tdm0eBb
436,Kelsey Crawford,Johnson,boothbarbara@example.com,Jd!o2SUa_8
437,Alyssa Johnson,James,thomasclay@example.org,&Ks3CJzV#s
438,Sheila Pena,Henson,ffrederick@example.org,7bgXsFnn(5
439,Russell Richards,Barnes,joelrivera@example.net,zM0SKHFs+2
440,Casey Price,Ortega,tcastro@example.org,p^1#K)+mP8
441,Zachary Jones,Farley,matthewmurphy@example.net,n($98Ne@Vc
442,James Ryan,Haynes,tracyjones@example.net,^c6WsDZg!X
443,April Sanchez,Page,clarkdavid@example.net,%qyujZVxN0
444,Shannon Thomas,Davis,mgonzales@example.com,H_8N2Bd8Ak
445,Amy Sanchez,Powell,colemandustin@example.org,D%%4AV^shY
446,Robin Stark,Jacobs,brian04@example.org,UE5ungii)1
447,Derek Hart,Meza,gregorydavies@example.net,$Q9hO#WviQ
448,Chad Parks,Jackson,nguyenmichelle@example.org,yq6dAxCl(3
449,Kevin Atkins,Sims,gonzalezbrittany@example.org,18lUm+3)&q
450,Amy Boyd,Marshall,katherineowens@example.org,(8CIwcQ2sc
451,April Mendez,Wilson,edwin41@example.net,!1TZ2VaZNK
452,Tammy Barnes,Stanton,nholmes@example.net,c!f3#XABKf
453,David Huynh,Jones,justinwalker@example.net,f6DIQJVW(u
454,Daniel Jones,Osborne,stephenherrera@example.org,@34L)jtQnJ
455,Dillon Johnson,Ruiz,kmccullough@example.org,*6EdBgxAhi
456,Melanie Clark,Mccarty,jessicareyes@example.org,$6QTDpukL_
457,Hannah Walker,Shaffer,donaldhenson@example.net,z90^SYn0W_
458,David Le,Brooks,vasquezmatthew@example.com,afAfb6lX%6
459,Amanda Robinson,Hill,jasonconley@example.com,*5ywPo$rib
460,David Hamilton,Campbell,zmartin@example.org,^Mo6EgFs9R
461,Joseph Warren,Huffman,jessica84@example.net,W894tNzr_E
462,Manuel Perry,Marshall,jody68@example.com,T+7HShoahs
463,Samuel Hernandez,Young,daniel32@example.net,f^0+Ffl3HW
464,Sara Blake,Carpenter,kevans@example.net,v5ES8#S9&e
465,Morgan Taylor,Moore,tonya78@example.org,56Gzalv+#I
466,Cassidy Collins,Alvarez,moorepatrick@example.net,Vj@*4LNi+4
467,Cynthia Brown,Morgan,lauren88@example.org,+)3FMwyU_Z
468,Rodney Long,Sanchez,darrell29@example.com,DL@N3nIc%(
469,Jose Martin,Cunningham,lindsayjohnson@example.org,4+E1y8Wf&v
470,Michele Dillon,Carr,singletonrobert@example.net,zE3Crcxuq@
471,Alyssa Smith,Alexander,gowens@example.net,h#fYZ3N+Rm
472,Michael Harris,West,michaelbrown@example.org,_%6FtGzYTt
473,Scott Bell,Thompson,morganjordan@example.org,syo6EP7e)5
474,Barry Davis,Perez,haydenkenneth@example.com,$9cJtQflUo
475,Tina Hernandez,Carr,xwilliams@example.com,@TE_i^4y&8
476,Charles Anderson,Hayes,sarah14@example.com,J%9Kl3Ou!E
477,Xavier Foley,Horn,jcarroll@example.org,$*3cDCdmh^
478,Melissa Wyatt,Moyer,kathryn03@example.net,%ZZyv6)!i7
479,Susan Randall,Hanson,kathrynestrada@example.net,^XD#Ok(M&2
480,Samantha Harris,Ellison,tom87@example.net,^15lnN)mk#
481,Bethany Lawson,Washington,millerjason@example.net,+lHrbZ^sx3
482,Vanessa Pierce,Jordan,markpowers@example.net,2WuZjmW^)R
483,Eric King,Carter,paul56@example.org,@6FH#@0kCa
484,Nicholas Gomez,Hernandez,mooreveronica@example.org,i*Ci0CsXFE
485,Ashley Terry,Brown,mcastillo@example.net,D2CUUcPA)f
486,Michael Austin,Marsh,yhall@example.org,)%3K%nj21Y
487,Frank Perez,Bryant,aprilsullivan@example.com,6jdlNBp#$s
488,Timothy Casey,Fowler,xjones@example.org,rv2qCXypZ+
489,Leah Sandoval,Watson,cindy80@example.net,BOlF8Y4b#4
490,Krista Davis,Ferguson,jamesmoore@example.com,M+v8HzWrBW
491,Jessica Burke,Gilbert,amy06@example.net,j5)fFNo%(8
492,Matthew Brooks,Horne,maldonadotimothy@example.net,Zi4Wc9Vd#B
493,Erik Peters,Morgan,howardbeverly@example.org,2a66Sa+b_^
494,Morgan Anderson,Malone,kporter@example.com,+0RMcb!yGM
495,Lindsey Gonzalez,Whitney,conniejimenez@example.org,)Ez!1ZsspR
496,Brian Jimenez,Floyd,zmcneil@example.net,4xpI$+_2@(
497,Lori Sullivan,Arnold,sandovalchristopher@example.com,&DNfEPq$h9
498,Jennifer Fry,Marshall,frenchbrandy@example.com,)smY%jlT05
499,Natasha Cooper,Stephenson,rodriguezrobert@example.com,%AOPvAC#37
500,Brent Cortez,Campos,noah31@example.org,b5O_9Dewkq
501,Amy Brown,Burgess,morganronald@example.org,2cUosLgV%5
502,Susan Stephens,Jackson,xrobinson@example.net,+3B#%($Ky&
503,Matthew Wilson,Smith,hernandezalexander@example.org,l@1VlS1F43
504,Shawn Anderson,Guerra,fgarcia@example.com,$jtd*RnRX2
505,Jacob Padilla,Townsend,rebecca33@example.org,5$4DCaei!$
506,Tracey Rodriguez,Martinez,traci55@example.org,@19OK$Ba9+
507,Jennifer Peterson,Carpenter,plopez@example.net,Sy7cOVQV($
508,Michelle Stark,Klein,xhouse@example.org,lk1JpmoO7(
509,Kelly Pitts,Stephens,pallen@example.org,e9_&ERoz!N
510,Grant Miller,Reynolds,thomas36@example.com,58!rEGgI^F
511,Nicole Conley,Johnson,joshua46@example.com,%*QCz!gme2
512,Kimberly Wilson,Hawkins,evelyn98@example.org,$!*4^Jpz51
513,Patrick Mcfarland,Sanders,powellchristopher@example.com,yd5ORBn_^(
514,Michelle Howard,Brown,ericahall@example.com,(F$1UGkiLk
515,Angela Lopez,Howard,gsantiago@example.org,Y%n86UUnk$
516,Frank Alvarez,Lee,zrichardson@example.org,!aU169kCO5
517,Eric Rogers,Braun,vincentkramer@example.org,k0W#uPwP(y
518,Miguel Greene,Jones,raybrady@example.net,%T(GGCu_T6
519,Victoria Lewis,George,turnerstacy@example.net,z%bp4Efm+a
520,Norman Brady,Myers,martinezphillip@example.com,v_r7%XJcrk
521,Raymond Cameron,Freeman,brianbradford@example.com,!jIzXOb@D4
522,Robert Jones,Hart,simmonsjessica@example.org,_Xm&zSuAB8
523,Sean Williams,Mercado,lfisher@example.net,QOyxYLsk^0
524,Steven Hoffman,Cervantes,shafferkimberly@example.org,w$2MqBzZ%$
525,Meghan Gonzalez,Bates,anthony81@example.com,@1s*Hif6L6
526,Craig Webb,Jones,jason22@example.com,V4rFOc*y!I
527,Shannon Smith,Frey,robert82@example.com,%FMfn7Jx(@
528,Meredith White DDS,Wilson,john10@example.org,MQU3ZZ&yQ_
529,Richard Smith,Sanchez,btorres@example.org,M(^f6Os8Mw
530,Dr. Brenda Lopez,Fry,ichapman@example.com,D9YO_q8B)u
531,Andrew Stark,Stewart,hbrady@example.net,A#@mr(Hsp9
532,Lori Lee,Jenkins,thomascunningham@example.net,d)!C*VLc&3
533,Marcus Murphy DDS,Garcia,melissaturner@example.com,g%Kz2ALqp!
534,Natalie Ward,Greene,christopher50@example.com,&j8MIFxdo)
535,Tiffany Delgado,Wells,victoria86@example.com,%6eSVng#CF
536,Kimberly Mayer,Schneider,dolson@example.com,LX(4BRsrK#
537,Sheila Kim,Thomas,ifoley@example.org,+oa6DUihLf
538,Theresa Christian,Jennings,juarezmatthew@example.net,S()3$+Asi!
539,Alison Clark,Keith,nleach@example.net,&6MyjZ)dwh
540,Michele Lam,Webb,sjames@example.org,%2YgXCRv@r
541,Helen Freeman,Sloan,cthomas@example.com,$6N+VoGp5L
542,Shelby Cook,Ortiz,hannahgonzalez@example.com,14NoAc4J$5
543,Claudia Clark,Galvan,edwardfernandez@example.org,_U2I3PTy_h
544,Michael Hardin,Bishop,nmiller@example.com,(qqS)vw44L
545,Suzanne Rivas,Vargas,brockjohn@example.org,X+60(f9xVA
546,Cynthia Russo,Heath,wwest@example.org,M6^3P4NaD*
547,Daniel Mccoy,Bowers,richard45@example.com,&kEJA_EGV1
548,Cesar Valdez,Moore,nlynch@example.org,&VXyI*kK!8
549,Carly Ramirez,Sawyer,patrickwilliams@example.com,6XK0IVM4*n
550,Lisa Phillips,Sanchez,hobbserica@example.org,C&B8FMs+tE
551,Mary Stephens,Miller,chad72@example.net,V#QzLsvG^6
552,Mary Randall,Bond,hsimpson@example.com,35xBwWcT)R
553,Stephanie Pierce,Torres,bvega@example.org,+V8&LgP%_y
554,Gina Taylor,Alexander,smaldonado@example.org,_tk+9GTuGI
555,Richard Sullivan,Watts,schwartzsamuel@example.net,@ZG9XrQ3^h
556,Kristy Fields,Watson,dalton43@example.org,qe(7M!bZQH
557,Diane Huynh,Kane,lindseynicholas@example.net,R*L75L#o*R
558,Holly Gonzalez,Campbell,murphyjacob@example.com,X#0tMUhQWq
559,Michael Medina,Santos,janet72@example.com,iZ4vHdlu*b
560,Peter Proctor,Dillon,gerickson@example.net,5X1FOaTaX(
561,Michael Conley,Pittman,zavalaandrea@example.net,IT12KtnVj(
562,Steven Mejia,White,yconway@example.org,^WV1XwoUG4
563,Jimmy Powell,Dawson,ggamble@example.org,*yq7Poa)D4
564,Blake Webb,Young,michaelbennett@example.org,#W#q0WgxMI
565,Virginia Bowman,Rivas,karenmiller@example.net,WiHJgswG!3
566,Daniel Yang,Williams,ncosta@example.net,(m5UBMue84
567,John Williams,Gonzalez,walterchristopher@example.net,3qRAi9Sz%B
568,Jeremy Goodman,Chapman,jonathan46@example.net,(H91pHyec%
569,Sheila Colon,Lee,sgrant@example.org,!04o&kOt9Q
570,Cheryl Jackson,Roberts,michael75@example.com,^+A080o@$X
571,James Lee,Smith,donald29@example.com,C6P)k)zd%P
572,Christopher Booth,Gomez,mariamoore@example.net,8%(VDnmm#6
573,Nicole Nielsen,Smith,zachary83@example.net,rO)5mJg)Nr
574,Dr. Katelyn Moss,Estrada,bradleyjeffery@example.net,WkM6#Klg&r
575,Brandon Bell,Mooney,dbrock@example.org,v5QaRFcW^X
576,Ronald Davis,Steele,kristasmith@example.net,!QPQ*(ic(8
577,Joseph Walton,Evans,pottermorgan@example.net,6_5UC5lH5N
578,Ashley Hicks,Sanders,christopher80@example.com,_0vGGlRip6
579,Melissa Cummings,Collins,jdixon@example.org,&_o0iRgpD!
580,Daniel Singleton,Beck,cameronnathan@example.net,*H8Zv#@#+y
581,Kelly Wilson,Ward,isaiah24@example.net,UwC8QZdc%H
582,Regina Long,Salinas,marshallelizabeth@example.net,I3mPQpE3$c
583,Alejandro Jackson,Osborne,oshepard@example.net,GqZK)+@^@8
584,Maria Rasmussen,Carney,reyescameron@example.com,ZyeLhJ7&&3
585,Jennifer Smith,Hall,jacksonkristopher@example.com,aBYZY1Zs_#
586,Joshua Suarez,Anthony,qmartinez@example.net,)SN5CLYa%1
587,Kyle King,Morales,xhoward@example.com,&b5aQcghYx
588,Jennifer Black,Ruiz,dodsonjennifer@example.org,(YoI)jiE41
589,Larry Young,Villanueva,markramirez@example.com,w_0Y)pb&sy
590,Stephen Cunningham,Weber,bclark@example.net,pq15M&5b$C
591,Susan Gallagher,Rojas,alexholmes@example.org,2dlTA2D8()
592,Kari Fitzpatrick,Avila,mmartin@example.net,(YTLGnAJ9H
593,Emily Burke,Bauer,jeremy11@example.com,5(2)TaIqUM
594,Christopher Lucas,Brown,olynch@example.net,Q9ARvJts%K
595,Angela Martinez,Lee,vincent62@example.com,^o4aIDBai&
596,Kim Tucker,Stone,owendennis@example.net,$VT#Feno3n
597,Brandon Lloyd,Shannon,victor96@example.org,%SD4WYJt8L
598,Steven Jenkins,Vega,samantha46@example.org,W98YaHof_f
599,Shaun Young,Green,dcarney@example.net,&*8SQxIMTd
600,Levi Mccullough,Riggs,rachael13@example.com,*E5K4PfL05
601,Jaime Young,Mclaughlin,villarrealchristina@example.com,Eyk1A$qz9!
602,Randy Conner,Moore,hprice@example.net,b#1Ja9HEkl
603,Amanda Dominguez,Williams,ghunt@example.net,&%_4JBPhlj
604,Edward Solis,Logan,watkinsjennifer@example.net,)A5FAuOA$s
605,Diane Figueroa,Freeman,austinnewton@example.net,SiYM#vz4&8
606,Kelly Young,Johnson,suttonlucas@example.com,@S)x5ElsM^
607,Anthony Solomon,White,smyers@example.com,utL8gZGUE%
608,Nicole Atkinson,Gutierrez,amandahall@example.net,+M$2Nl8S!7
609,John Walker,Garner,andersondarrell@example.org,601Zffoc$8
610,Tracy Graham,Gomez,thomas33@example.com,_18pKONx5d
611,Christopher Mcdonald,Fisher,connor68@example.com,m%6PqUXk&F
612,Jaclyn Thomas DDS,Brown,christina19@example.org,)7NVdYeF@V
613,Alicia Fischer,Hays,jonesbeth@example.com,4nP+$%g8^m
614,George Blair,Malone,robertatkinson@example.net,@28LnM@tDI
615,Robert Flores,Salazar,robertskara@example.com,Z0UaGrLg*8
616,Wayne Byrd,Smith,melissaevans@example.org,i1e4Xf$c2*
617,Jessica Robertson,Burch,campbelljames@example.org,O!2^UyEG%N
618,Sandra Matthews,Saunders,nbonilla@example.com,(!qr0Ol8!l
619,Joseph Curry,Smith,vharris@example.net,@KsFu6Mkc9
620,Lisa Salazar,Stewart,josephjessica@example.com,!t6N7&Ov5!
621,Sharon Duffy,Sullivan,rosskelly@example.net,kW7Yn+T5^4
622,Jessica Rivers,Fuller,philipwagner@example.net,UdJ@7MiVbm
623,Leslie Pacheco,Bell,zwu@example.net,91gIqas+%w
624,Daniel Paul,Mendoza,andrewowens@example.org,8@G3jjOq^m
625,Krystal Ramos,Frank,jenkinsjohn@example.com,Q%m6Pc3xs$
626,James Vasquez,Carpenter,savannah62@example.org,7FLwC!q3*2
627,Dr. Brenda Watkins,Douglas,mdickerson@example.net,5zwb4U)9$B
628,Jeremy Hunter MD,Willis,peter94@example.org,ugZi+mcU@0
629,Tony Lewis,Hoffman,angelagarcia@example.com,*n6ZNXm$+l
630,Andrew Davidson,Bruce,mannjustin@example.com,#iSb4Jw1OM
631,April Hamilton,Robinson,louisporter@example.com,&s*3AyKhfA
632,Lori Kim,Carroll,barrettjoshua@example.org,2(S0Js!f^1
633,Susan Wright,Foster,jessica50@example.org,^^d*05LEUh
634,Amy Hudson,Gray,anthony18@example.org,DK*43XBqju
635,Jeremiah Jones,White,tara79@example.com,c+QtqtWI_6
636,Michael Stephens,Thomas,robyn01@example.net,&7DTKA8UKi
637,Michelle Gomez,Carter,krobinson@example.net,q8AWx2GJ*u
638,Angela Ford,Lambert,carrpaul@example.net,n0GNYWhG+x
639,Steve Malone,Schaefer,millermarcus@example.net,%7L*C$f7YN
640,Michael Nelson,Herring,fjones@example.com,JV4ASxCa+6
641,Miss Abigail Thornton,Smith,leachian@example.org,Fx5p&+POB$
642,Melissa Lawrence,Ford,rnewman@example.org,Yrhfl6Wk#u
643,Karen Mcintosh,Crawford,hunterfaith@example.org,%5rLlJmn%V
644,Noah Mccoy,Weeks,joshuabrooks@example.com,69EsbERy@8
645,Michael Williams,Adams,hansonamanda@example.com,cV6GRz+k$)
646,Christy Henderson,Moody,acobb@example.net,KYUxNUoq@2
647,Tammy Roth,Jones,kayla22@example.com,aFz7OowM*S
648,Jesse Rivera,Lopez,ycox@example.org,hA5Ybwh*++
649,Elizabeth Davis,Craig,carolyngrant@example.org,K87PLwfc@G
650,Melinda Lopez,Jones,englishrobert@example.com,M2IbOnmF_#
651,Becky Davis,Castro,chanstephanie@example.com,^2Ated_ny4
652,Jennifer Collins,Mosley,swalker@example.net,9^bj3HPq_p
653,Ashley Giles,Luna,wjames@example.net,RD9Bu2yHh$
654,Steven Frank,Cox,millerwilliam@example.com,#SYuULeu6X
655,Donna Ruiz,Hall,rhall@example.com,N4FT4UxG&F
656,Andrea Jenkins,Smith,bellis@example.net,8g2(k7AriI
657,Joseph Lang,Espinoza,ramirezsteven@example.net,+4xL$OCb$w
658,Cory Mullen,Adkins,harrismiguel@example.net,$pRE%d@X#6
659,Melissa Richardson,Bell,matthew99@example.net,G4VFtMtx*M
660,Benjamin James,Wilson,kramirez@example.org,&G4GtyG1V7
661,Melissa Thomas,Davis,samanthaharris@example.org,$pIpm%B&1W
662,Jade Daniels,Williams,martinchristopher@example.org,*kQLwPss4p
663,Danielle Sanchez,Fleming,cummingshenry@example.net,3)3y2YJrY6
664,Ashley Atkins DDS,Cantu,joshua49@example.com,+V5UJmci$n
665,Betty Howard,Summers,jessicamcmillan@example.net,)9AWVQbtcS
666,Brent Jackson,Marsh,catherinejackson@example.com,4y$9PcOt_D
667,Elizabeth Jordan,Golden,xavila@example.org,iQO)9VJf+z
668,Joseph Williams,Williams,taylorryan@example.org,@2uZ8QlY#M
669,Michael Suarez,Thompson,lynn68@example.org,uAW2DQbsG*
670,Allison Gallagher,Mercer,pgutierrez@example.com,W5@CViqT$r
671,Chad Little,Warner,danielrhodes@example.com,hL6N#A4xY)
672,Gail Carter,Jones,jeffrey75@example.net,n7JnWNvn#O
673,Caitlin Warren,James,stephanie47@example.com,ik1yGkbZ@l
674,Debbie Walker,Jackson,moniquerasmussen@example.net,4F*y&k#a(n
675,Justin Roberts,Duffy,sandra54@example.net,@aDZ8Poi58
676,Lauren Morales,Johnston,teresa70@example.net,_qU#bDWo03
677,Sandra Gill,Chapman,catherinecooper@example.net,!_sNCoY6&1
678,Kimberly Nelson,Guzman,rossjimmy@example.org,(xH2^%qvT0
679,Tracy Jacobs,Gonzalez,kevin67@example.com,&Mzec0B76t
680,Lauren Dunn,Phillips,vburch@example.com,(nt3OrW6bF
681,Troy Valentine,Maxwell,agonzales@example.org,kc1I+rUW)6
682,Alexis Williams,Munoz,cassandrajackson@example.com,n#V42Rfs&8
683,Alison Henderson,Chang,powellnicole@example.net,$V1!rE@r%W
684,Melinda Floyd,White,pricejohn@example.org,!FdybZ#p)0
685,Derek Harris,Wallace,frankbrown@example.org,($VER0Rv3#
686,Teresa Lynch,Kerr,williamwilliams@example.net,(A7CLAy!sx
687,Sarah Gregory,Smith,adam02@example.net,y5hA+N8$^7
688,Chelsea Hall,Luna,xrodriguez@example.com,MLi*8R+h(i
689,Colin Leblanc,Warner,mooredavid@example.net,zjGApSps%8
690,Stephanie Velasquez,Ellis,abrown@example.net,%$x4JQlFd_
691,Michael Mason,Norris,beverly89@example.org,m+A3O71IZy
692,Michelle Cabrera,Butler,arielrobinson@example.com,%GGR6kMfX0
693,James Andersen,Johnson,kimberly80@example.net,#Jqgi7EwU9
694,Kevin Macdonald,Johnson,bramos@example.org,bM7MJJpV+6
695,Jodi King,Davis,gramirez@example.org,PpnQ_08m@1
696,Timothy Vaughn,Jones,wmorgan@example.net,WQL11i8a%@
697,Laura Lyons,Miller,allisoncrystal@example.com,(8Bjpf5!@k
698,Rebecca Diaz,Gibson,tommyrobinson@example.com,)OXpJZfu02
699,James Henry,Eaton,dustin18@example.org,R_Q8Ko_loM
700,Gerald Baker,Walker,kaitlyn82@example.org,h&#8+dXe7Y
701,Matthew Mcconnell,Lee,lisa36@example.org,G7BwPqq8^n
702,Sara Martin,Kelly,allison18@example.net,8I57VB*a*Q
703,David Vasquez,Quinn,smithtimothy@example.org,y&Xeet18(5
704,Mr. Richard Dunn MD,Shields,clucas@example.org,2W7WHzS_!9
705,Dr. Anthony Adkins,Dominguez,toddnguyen@example.net,R7p1X#ym^W
706,Deborah Brooks,Murphy,kcooke@example.org,&6(OWAaDOv
707,Michael Boyer,Bennett,bryansingh@example.org,X&tN4XeWJl
708,Alan Hancock,Hood,clarkaaron@example.net,l^1!MjXs$e
709,Joseph Collins,Robinson,brendajones@example.net,%_8NCLMXwp
710,Jacqueline Zuniga,Floyd,tinahill@example.net,rR$m92Pz_F
711,Joshua Larson,Malone,edward25@example.net,_Kx3mlOwYl
712,Kayla Whitaker,Roach,jenniferwalters@example.com,bw5AFLz0v&
713,Amanda Scott,Nelson,michaelmiller@example.org,R!)2VKl6HF
714,Richard Friedman,Myers,peggy56@example.org,)sUxdi(0!5
715,Troy Morrison,Wells,fjimenez@example.net,n)67f@b*AS
716,Latoya Richardson,Watson,theodoreking@example.com,!mu0PDtHW&
717,Carolyn Sullivan,Galloway,harrischristina@example.com,%r3wDPbciL
718,Michelle Wilson,Gonzalez,gonzalezwilliam@example.com,Y%dF4m^3$5
719,Maria Reyes,Turner,rebecca45@example.org,e%aij95eyG
720,Dr. David Murillo,Scott,patricia73@example.com,CDb8FA$s!%
721,Robert Thompson,Moore,malonestephanie@example.com,7&Xkry3K#Y
722,Joshua Coleman,Ritter,reeveswayne@example.com,z+4x&aQh33
723,Daniel Richardson,Cox,tsmith@example.com,Se7mUu4_@$
724,Andrew Hall,Wolf,jgallegos@example.com,ul_0RnCR!t
725,Jeremy Pace,Chavez,jessicaherman@example.com,6LE8aVc8$A
726,Sara Dunn,Horton,kathrynholt@example.org,C*427QDmQU
727,Brandon Foster,Reed,harriswesley@example.org,0dwwQ!Wd##
728,Mark Martin,Wright,cindymiller@example.org,#^K1KTCtDl
729,Kristen Esparza,Smith,christopher75@example.org,73ggXMwb^1
730,Brandon Small,Mclaughlin,timothy13@example.org,&&R0$xoki7
731,Michael Osborn MD,Reynolds,shawnbishop@example.net,0hMQPsw%%G
732,Bobby Gallegos,Cook,fitzgeraldemily@example.net,!(2WXuP)^@
733,Joseph Boyd,Douglas,bryanharris@example.org,ZF3j(WgKF(
734,Gary Hodges,Turner,brent76@example.net,T#J6YKnv+Q
735,Adam Martin,Patel,travis05@example.com,&F0AJogP16
736,Jessica Sandoval,Sanchez,diana98@example.org,uas2KqHFt!
737,Zachary Wagner MD,Harper,laurie55@example.org,1zuUCPN_@S
738,Anita Ross,Salazar,elizabethallen@example.com,6)p*3LBn$L
739,Tommy Adams,Johnson,stephanie36@example.com,Y&K2aXi%DG
740,Maria Rodriguez,Wilson,michelle39@example.com,C@71Fpd!Jv
741,Aaron Bishop,Thomas,juandaniels@example.org,9PXJxcJm^c
742,Sarah Gibson,Mcclain,morgansteele@example.com,my4zDA7uw#
743,Robert Barnett,Morgan,tracy07@example.net,5mc9DXpd_!
744,Greg Durham,Thompson,turnerwayne@example.net,+&rvKGcfR5
745,Cameron Brown,Nelson,dawn15@example.net,^0jF5DLxQ)
746,Elizabeth Brown,Irwin,lnguyen@example.net,!&1%HGe1VA
747,Alex Mcintyre,Foster,zrichard@example.net,@7fYEgn6zp
748,Rebecca Green,Holmes,timothy37@example.net,hhNI7XQx$G
749,Amy Turner,Hammond,malexander@example.org,#92Sd&ar^k
750,Karen Miller,Roberts,robertmoore@example.com,_2GGez!c34
751,Roberta Gray,Sanders,zmedina@example.com,WbNvG9EnL+
752,Jeffrey Case,Bautista,rebeccasmith@example.org,$fUThlqu15
753,Michael Daniels,Bennett,singhtimothy@example.com,)f5XfHhqx)
754,Joseph Jones,Montgomery,ylawson@example.com,Ro@n6Gze^8
755,Anthony Henry,Morgan,karen50@example.net,)c!9Krdzqr
756,Jeremy Lopez,Tran,iho@example.net,s1@2oJRbhH
757,Melissa Wolfe,Morales,zlogan@example.com,LCCC*z*&$6
758,William Fischer,Coleman,sheilawarren@example.net,)@T)bRw7#3
759,Andrea Carlson,Richmond,jonreyes@example.net,$AgAhLZV1s
760,Michael Shelton,Howard,campbellcameron@example.com,08!UV0EmP9
761,Seth Steele,Johnson,rwilliamson@example.net,km4UxTPKn#
762,Michael Williams,Rodgers,mercadogerald@example.com,%L7PRqKVyP
763,Amber Jacobs,Lynch,ssmith@example.org,+5ZJxo3n$v
764,Manuel Thompson,Lowe,leah72@example.com,)9aDs#m4O7
765,Rhonda Harris,Morgan,joannafreeman@example.net,+e1VGdqW@m
766,Christopher Pearson,Butler,mathewfuentes@example.net,%e0$@ESj*h
767,Mr. James Clark,Pittman,corey74@example.net,^lJW^mjm8D
768,Daniel Knight,Velasquez,umorgan@example.net,4NcI9Fs(#u
769,Stuart Brown,Powell,mlopez@example.org,CzYdxLQ5#4
770,Heather Clarke,Watts,wilsonstephen@example.org,f9@#eGfp!x
771,David Rivers,Simmons,wrightlinda@example.org,#zeL76RwQ@
772,Judy Tate,Mercer,fowlerandrew@example.com,c43DCLcj+!
773,Julie Sims,Reynolds,sarah30@example.org,Z2mdI*A&(b
774,Wanda Thomas,Barnett,kjordan@example.com,)5fEslzr#r
775,Charlotte Cochran,Deleon,justinwhite@example.org,@r%qYaRO&9
776,David Orr,Mata,charlesmelendez@example.net,n)#9uRHeDs
777,Timothy Allen,Miranda,marcusdavis@example.com,8w8v9Qeb#Y
778,Roy Wright,Preston,williamlloyd@example.net,$VF6EDIeW#
779,Casey Garcia,Mitchell,lampeter@example.com,U2CH^*!u&T
780,Stephen Washington,Smith,jramsey@example.net,&4QfLaZ_8w
781,Joshua Jackson,Evans,ballarddanielle@example.net,@1&ww0HtG$
782,Bonnie Perez,Gibbs,jamesrichards@example.com,_+O3M$)j@j
783,Timothy Green,Lee,carla81@example.org,O+S5QgiA)z
784,Lindsay Weiss,Barker,vlee@example.org,e!Kn0PJm$F
785,Anthony Rios,Washington,ugray@example.net,_9Q1OiVD(c
786,Mark Leach,Simmons,nashmeagan@example.net,#1Zl+8zdK@
787,Jennifer Williams,Herrera,biancacooper@example.org,$I5SG2n8zT
788,Andrew Austin,White,meadowsgrant@example.com,!MKikj#K1(
789,Ronald Wise,Glover,jeffreyanderson@example.com,%6gFX_NeLn
790,Joshua Williams,Smith,jerry78@example.org,^2VFWSnvLa
791,David Wright,Powell,woodbrittany@example.com,+2i0W5rz7t
792,Glenn Garcia,Harris,shelby20@example.com,9kL4CvDpQ(
793,Jesse Heath,Krause,walshchristian@example.net,&y3H!UuVX+
794,Aaron Johnson,Nielsen,kingamanda@example.org,OV#39cOxmE
795,Tara Johnson,Nelson,robertfrazier@example.net,^j@gPd$s(5
796,Christian Smith,Prince,judithlawson@example.org,)7ZDq4ClB9
797,Charles Krause,Graves,richardsonmonica@example.net,$q3VGZQtxP
798,Tamara Romero,Clarke,geoffrey85@example.net,)2ivlDnTfp
799,Katherine Pratt,Ellis,labbott@example.org,+D7rBY8aR9
800,Chad Rangel,Taylor,bryan68@example.com,$68R3iwsNv
801,Susan Hart,Salinas,jillpeterson@example.org,O4EbUwMu!Z
802,Misty Morales,Medina,brandon60@example.net,9puFEdf%(G
803,Destiny Murphy,Cook,lauramunoz@example.net,&W9gSYhueX
804,Charles King,Meyer,davidward@example.org,174DKEIt_^
805,Victoria Riley,Martinez,russelltammy@example.net,9RG1BAFko%
806,Ashley French,Middleton,sarahclark@example.com,(r9H+9KsJX
807,Austin Butler,Hill,lewisalbert@example.net,AwnBIRjp&8
808,Daniel Dominguez,Rich,alopez@example.net,@D($0Ap#SJ
809,Gina Lee,Vega,uperkins@example.net,wz1*ynLKc$
810,Paula Morris,Hess,jonathan83@example.org,q$o1Tp7h3w
811,Christine Jones,Smith,freemanrobert@example.net,(%61TsQeTw
812,Laura Peters,Johnson,merrittandrew@example.net,l6)EWee9$g
813,Malik Underwood,Garcia,catherine56@example.com,(FF1YngK8V
814,Timothy Williams,Shannon,asilva@example.com,@u!17Qu^Ws
815,Brandon Valencia,Brown,juliamorrison@example.org,+%04SgjjhR
816,Mia Murphy,Black,sshields@example.org,b+X8FJqwx_
817,Austin Hall,Bruce,yhoward@example.net,(3nYXXoj$B
818,Mark Powell,Moore,esavage@example.com,LNgwRSlk@6
819,Kristina Martinez,Lee,brookezamora@example.net,)7&9P4p$ks
820,Mackenzie Mitchell,Mueller,william04@example.org,d^2ZAy%b0!
821,Angela Davis,Stanley,bennettvalerie@example.com,w^3NmDIgXI
822,Janet Smith,Hall,hsingh@example.net,#9xKLgTsiY
823,Rachel Ford,Ford,sbowman@example.com,fAN4ybcxI@
824,Kathy Brooks,Sloan,amber97@example.net,+^8YEGd!&k
825,Michelle Harvey,Humphrey,ihamilton@example.org,ry5SG^ccV&
826,Dr. Melissa Garcia,Martin,cathy30@example.com,su8vEa5w^p
827,Eric Gilmore,Simpson,william91@example.com,#sRBEK%en4
828,Stephanie Hall,Bernard,julietaylor@example.net,sd43C7nfX*
829,Stephanie Graham,Stephens,amy72@example.com,#1OTu1v+*X
830,Kristy Wilson,Choi,gilljason@example.org,_$!SUnvC79
831,Jacqueline Moore DDS,Brown,brownjeffrey@example.com,2m745NyiB^
832,Howard Lynn,Moore,alexandrasalazar@example.com,v#Xl2yXW_1
833,Robert Bailey,Carter,mark43@example.net,#+9H6Ay2M7
834,Veronica Bradley,Perez,ryanjohnson@example.com,@3P5vMi65X
835,Benjamin Schwartz,Jordan,trantimothy@example.com,37BeLwet%t
836,Trevor Wiggins,Smith,currycharles@example.com,^G3W0&Ugw(
837,Joshua Riggs,Delgado,leslie88@example.net,%0_OLqLm8$
838,Jessica Dunn,Cardenas,fraziershawn@example.com,rt7T&uDh^^
839,Felicia Bowman,Armstrong,canderson@example.net,zi3MGPrc7+
840,Andrea Singh,Long,jonathanmcdonald@example.com,8aMnM+XO%1
841,Tina Carey,Ford,qrivera@example.org,*k_6@Qb1JT
842,Brian Whitaker,Gibson,ywang@example.com,1cX01N9a_#
843,Michelle Simmons,Smith,kimjeffrey@example.com,)g5Q#QkX3$
844,Jodi Sloan,Rodriguez,zwest@example.org,%_s3KPd89^
845,Cynthia James,Best,esmith@example.com,NdSxJJbh^2
846,Bonnie Miller,Coleman,joshua51@example.org,TT78Jnl7$5
847,Victoria Brooks,Cole,barbara41@example.org,GJI#2DwXB^
848,Richard Becker,Le,cooperjoseph@example.net,&^L3E#aa#1
849,Sarah Berry,Johnson,higginszachary@example.net,(B6NrNwV7%
850,Jeremy Martin,Fitzgerald,ortizjuan@example.net,^wi1oLyts$
851,Bethany Moore,Winters,jordanjohnny@example.org,I%2o9mYa#W
852,Gregory Smith,Chavez,hollandwalter@example.org,N7iblTw^*t
853,Brandon Gonzales,Smith,anna96@example.net,I(D%9PYq7_
854,Kayla Watts,Ferguson,amy46@example.net,O*G8Y7ivxH
855,Glenn Blackwell,Conner,cgonzalez@example.com,a+^8%G1h(p
856,Mary Smith,Wise,jennifersoto@example.net,yH@W6*Zs+7
857,Joann Delgado,Davis,garciastacy@example.com,Tf6OYah!V^
858,Juan Bonilla,Dennis,plloyd@example.org,4(4XZIPr_%
859,Mark Mcguire,Bernard,uallen@example.org,%5v4Z4Nkq@
860,Colleen Page,Krueger,fischerwilliam@example.org,+mYMW+rh4b
861,Chad Yates,Levine,amy35@example.com,H&X05JOgT#
862,Robert Archer,Ward,thomashernandez@example.org,#9Nto!oH5g
863,Amanda Gibson,Fitzgerald,nmontgomery@example.org,ru1YYnMEK%
864,Debra Ford,Boyle,brandonbrown@example.net,!8q#oQBlXi
865,Raven Boone,Moss,austin04@example.net,HzHgNQt2$9
866,Kelly Huffman,Serrano,james65@example.com,IBT2#8AaT*
867,Adrian Nguyen,Hernandez,jamescurtis@example.com,E(Y_*4DdmA
868,Justin Brown,Cunningham,psullivan@example.org,j910oNuh#E
869,Sarah Garcia,Moore,mmills@example.org,1@*tO9xkzO
870,Cody Schroeder,Carpenter,pcross@example.org,B933Haw7v!
871,Cynthia Hanna,Williams,nicholas92@example.com,1ed5JwNip#
872,Denise Powers MD,Guzman,hernandezclifford@example.org,g+2c9BCeLX
873,Linda Walker,Dalton,david39@example.com,J!n4k!IeKa
874,Jason Bennett,Young,jbarnes@example.com,x0yDgGrD+b
875,Courtney Hunter DDS,Gaines,vrowe@example.net,oN8WZ2Vsy!
876,Diana Bauer,Robinson,bobbyallen@example.net,fY&J36AmMp
877,Kimberly Anderson,Ruiz,johnwatson@example.com,hQ&W2Fco#2
878,Jason Phillips,Burgess,amy33@example.net,V*2URRqp^c
879,Amy Velazquez,Mann,kevinjones@example.net,c1vGRpZL%X
880,Sandra Delgado,Wilson,gibbsashley@example.com,ck@6Z6Zh*z
881,Crystal Richardson,Wright,williambrown@example.org,)FrfBvYWm3
882,Danny Scott,Jenkins,millerpatrick@example.net,o90OR^i1#k
883,Tanya Hendrix,Rose,eduardo29@example.org,)N(Jpk(DR3
884,George Gonzalez,Herrera,brianajacobs@example.net,j4MoYjRnt_
885,Micheal Smith,Brown,ejoseph@example.org,^$jb4MxKI#
886,Jeremy Adams,Moss,danielle86@example.com,*^i8W!i0MY
887,Barbara Carter,Johnson,tonyafreeman@example.net,A*XVoy_0(0
888,Nichole Vargas,Hawkins,tiffany15@example.net,*X(PC2Cf+7
889,Jill Palmer,Griffin,jacob96@example.com,+6dt00mZHk
890,Karen Fitzgerald,Cook,rrobinson@example.org,(dY@77CrN$
891,Brian Lozano,Copeland,acollins@example.org,Y)%3EIqyxz
892,Amanda Valdez,Holt,john65@example.com,^r4LMe^704
893,Gregory Smith,Mercer,andre28@example.com,9GHujQ)p(9
894,Kenneth Smith,White,davidrobinson@example.com,f)0%16HoDZ
895,Jessica Davis,Simpson,david30@example.com,&CM&mGtZ45
896,Julie Rojas,Murphy,coltoncraig@example.net,d^y96OPe4#
897,Jose Valencia,Sullivan,copelandkelly@example.org,_6SG3GBDZz
898,Kurt Harrison,Luna,sevans@example.org,%9LgSly_4O
899,Jamie Johnson,Johnston,hlewis@example.net,)ygw$gHBn3
900,Helen Page,Callahan,bonnieromero@example.net,d6Hzc9&8)%
901,Jessica Fletcher,Moore,xschultz@example.org,c++1S2Sewj
902,Erik Barber,Burton,millermelissa@example.com,#^UFrBUy0v
903,Amanda Black,Wells,whitakerjoseph@example.com,db4P+hqF#b
904,Edwin Bryant,Anthony,jenkinsjeffrey@example.com,Az6yDhgw%r
905,Jessica Berg,Skinner,elliserik@example.org,4X863N_yS)
906,Melissa Shields,Thompson,jacobwilliams@example.net,Fj*4yNt(e5
907,Ashley Lucas,Rice,sharonhernandez@example.net,O_TSJEY0eb
908,Katrina Cruz,Fisher,franklambert@example.net,t!Ep89Tuoj
909,Gabriel Winters,Smith,pjones@example.com,qogz0%S!Y_
910,Kelli Shea,Hunter,crystalrobinson@example.net,dcQ@mObm$1
911,Javier Hogan,Perez,davidwhite@example.org,l0bDUAKx+4
912,Brandon Foster,Anderson,obryant@example.org,!@sNaoGoa9
913,Kayla Wilson,Sherman,eric37@example.net,!1%Apdw8@7
914,Michael Wilson,Gregory,pdaniels@example.org,9vKoO4cg@s
915,Ashley Gutierrez,Nguyen,lisa25@example.net,o(&7EDbn%)
916,Jesse Foley,Smith,vhubbard@example.net,+%1!HgEREI
917,Brianna Matthews,Rose,pamelazamora@example.com,O$2dcVci@4
918,Angela Fields,Hopkins,gutierrezsara@example.com,a^#27JTniV
919,Sharon Rios,Villanueva,leekara@example.net,w3(vNdZz_Y
920,Erik Jackson,Castro,dcollins@example.net,#9LJ^bKrIW
921,Angela Duke,Johnson,nancyhawkins@example.org,$R!3Qrc46(
922,Marc Martin,Green,justin62@example.org,I1Ooslt%#j
923,Beth Mccoy,Giles,erik41@example.net,i2M$vOlP)A
924,Blake Salinas,Klein,johnsonvictoria@example.org,Kn7nEw_m@H
925,Timothy Gordon,Watkins,eric56@example.com,K7oxQjYy(W
926,Sandra Smith,Thompson,torresmichael@example.org,#7BP^fy5)5
927,Michael Williams,Merritt,mahoneydaniel@example.com,_1_U$L6e8k
928,Robert Long,Cooper,caitlin82@example.org,A%8&2Bkggr
929,Renee Kennedy,Thompson,gonzalezkevin@example.com,)WqnPwqk1*
930,Robert Fisher,Barron,villanuevakenneth@example.com,l@6ibPvl2W
931,Troy White,Huerta,tammy03@example.net,I%7Sa1EQgE
932,Nathan Miranda,Bailey,goldentanya@example.com,$3&Ub)v7Y2
933,John Ritter,Rodriguez,meredithholmes@example.org,zcB7TOEr_Z
934,Mary Jones,Garcia,jerry15@example.org,Z43zYFZh@0
935,Howard Green,Perry,smithterri@example.com,$8S7BfaA37
936,Laura Fowler,Hebert,hilljason@example.com,F0KPr)_z)9
937,Lisa Randolph,Mullen,michaelhanna@example.org,*50IWQuLf!
938,Pamela Martin,Martinez,kcombs@example.net,*4wTbAqc1C
939,Timothy Mann,Andersen,smorrison@example.org,$v@JYaH%Q9
940,Charlotte Flores,Martin,kristen55@example.net,%6Kbs5bA8*
941,Kimberly Robinson,Williams,arielchan@example.org,#&h0kJIbQc
942,Jack Sampson,Moore,zavalaashley@example.com,QP3217j+**
943,Keith Murphy,Chapman,contreraslisa@example.net,%^5Qbqgund
944,Tracey Davis,Wilson,kellyroberta@example.com,&d6FXJe@(G
945,Kenneth Parsons,Smith,cduffy@example.net,!5bzRwZEL!
946,Sherry Jackson,Henry,cporter@example.org,%B2Qe#l4_&
947,Alexander Christensen,Knapp,craig79@example.net,@435HcJIBi
948,Jennifer Lopez,Frazier,hhernandez@example.com,S3J6Sljv*5
949,Robert Chapman,Brown,michellegutierrez@example.org,8%Xy5&OvP@
950,Frederick Pham,Jones,jessica16@example.org,l2S1)uh6(G
951,Roberta Harding,Ballard,cynthiarivera@example.net,4AJ8$hfR#8
952,Miss Caitlin Foster DDS,Morris,davidwalsh@example.org,!9Fbq#lr)2
953,Megan Stafford,Jackson,rose82@example.net,_#$5%Vmw76
954,Tiffany Holland,Simpson,harperdawn@example.org,&hNoBrMK9E
955,Michael Howard,Scott,robert11@example.net,SK5Fwo4y+o
956,Matthew Roberson,Haas,coxdevin@example.com,fx8nP4#5#0
957,Laurie Roy,Jimenez,alexandermatthew@example.com,J2Ne9KUV^6
958,Amy Martinez,Krueger,fostercarla@example.org,pM(+7Fxto&
959,Meagan Evans,Owen,nevans@example.org,Y9ZYNZ!r+b
960,Brandon Chambers,Lambert,vhudson@example.net,VAB2dXmj_1
961,Jennifer Acosta,Oliver,diane80@example.com,O^On5BgEee
962,Casey Deleon,Diaz,mendozapeter@example.com,_J5m5tFtg@
963,Nicholas Jones,Myers,nancygray@example.net,y_3EU5JrH^
964,Gabriel Schmidt DDS,Williams,joel70@example.com,*j8RerJbLp
965,Brenda Stokes,Dean,andrewslisa@example.org,#d@@EAI2@9
966,Charles Hill,Dawson,jason60@example.com,T8!YTUq*@C
967,Jacob Castro,Cook,james86@example.org,*4YWllv+@A
968,Jerry Sullivan,Jones,fgilbert@example.org,8!GUgWfY*F
969,Randall Blake,Shaffer,johnstephenson@example.net,AF!HoKsu&5
970,Robert Bailey,Park,patrick84@example.net,*b9CUU@dJK
971,Michele Rivera,Ferguson,jason65@example.net,^Qj4WiL7fi
972,Rachel Hampton,Marshall,sharon66@example.net,!2Vmrg%*eX
973,Kaylee Cooper,Whitehead,uwilliams@example.org,YEeNp7@R+2
974,Mark Evans,Porter,michaeljohnson@example.com,x0ERWn#d!f
975,Derek Miller,Taylor,julie04@example.net,VQ8BW5hdR%
976,Alicia Hammond,Davidson,yramirez@example.net,e7$w2fVuni
977,Brenda Austin,Jordan,sarah09@example.org,*E8@K_Yhp)
978,Kenneth Pineda,Clarke,collinsrenee@example.net,&t_6EaTc5#
979,Mallory Carroll,Cline,jessica07@example.org,t5Rkz^Lw!p
980,Kelly Howell,Smith,oroberts@example.net,iG^Bk694+4
981,Lindsay Lam,Mathews,hughesdennis@example.net,kB2KX8kgd*
982,Brian Baker,Wall,pricemichael@example.com,y0&r$nPR&r
983,Christopher Ingram,Rodriguez,zacharyoconnor@example.net,I@iD8(PDiw
984,Brittany Tyler,Rodriguez,jeanne39@example.com,5V4SzLjMA@
985,Calvin Price,Hernandez,qsantiago@example.net,*$MYt3_o#3
986,Jessica Oneill DVM,Morris,johnjohnson@example.com,nf7Myk*T(I
987,Stephanie Crawford,Walter,fhenry@example.net,_8$Bg9jp19
988,Cindy Norris,Hudson,timothy34@example.org,)gyrXbUK8I
989,Daryl Patterson,Tanner,danahendrix@example.org,uQO4ImroQ(
990,Timothy Rogers,Bishop,katiebird@example.org,u9Tvm8Af!x
991,Amanda Warren,Wu,rogerking@example.com,j7huUmbj&V
992,Chelsea Richardson,Gray,jeffery71@example.net,_3M0FqJmpA
993,Kevin Kane,Reid,sobrien@example.org,+(3CTwfz1H
994,Daniel Perry,Garcia,renee69@example.net,kcj&4TJocu
995,Jeffrey Pope,Matthews,matthew11@example.com,^9^gMUbE$g
996,Erica Williams,White,fbriggs@example.net,gQ36lPx^(E
997,David Stout,Macias,pgutierrez@example.com,Fa1Lg3)K$K
998,Troy Clark,Ray,fisherdawn@example.net,x@_E3YAs71
999,Christopher Gonzales,Johnson,jpeck@example.com,&WoKSPmx83
